Papel;preco_compra;Quantidade
PETR4;92.11478515;100
VVAR3;17.51905894;100
ITSA4;56.37517681;200
ITSA4;62.28433159;300
EMBR3;80.62676817;100
ITSA4;77.35457561;300
PETR4;7.330582919;100
PETR4;37.42515204;200
EMBR3;62.69144255;300
VVAR3;58.06937731;100
VVAR3;18.87745912;300
PETR4;84.61671786;100
PETR4;26.77808037;200
PETR4;12.4942857;300
ITSA4;82.84907506;100
EMBR3;32.09032629;300
PETR4;86.76695859;100
EMBR3;66.70780982;200
VVAR3;31.38524116;300
